{
  "teacher_behavior": {
    "openai": {
      "k_shot_results": {
        "1": {
          "hit_at_1": 0.6802469135802469,
          "best_params": {
            "alpha": 4.0,
            "beta": 1.0,
            "shot_alpha": 0.1
          }
        },
        "2": {
          "hit_at_1": 0.662962962962963,
          "best_params": {
            "alpha": 4.0,
            "beta": 20.0,
            "shot_alpha": 0.1
          }
        },
        "4": {
          "hit_at_1": 0.5141975308641975,
          "best_params": {
            "alpha": 4.0,
            "beta": 20.0,
            "shot_alpha": 0.1
          }
        },
        "8": {
          "hit_at_1": 0.7876543209876543,
          "best_params": {
            "alpha": 4.0,
            "beta": 20.0,
            "shot_alpha": 0.1
          }
        },
        "16": {
          "hit_at_1": 0.6709876543209876,
          "best_params": {
            "alpha": 4.0,
            "beta": 20.0,
            "shot_alpha": 0.1
          }
        }
      }
    },
    "siglip2": {
      "k_shot_results": {
        "1": {
          "hit_at_1": 0.7006172839506173,
          "best_params": {
            "alpha": 4.0,
            "beta": 1.0,
            "shot_alpha": 0.1
          }
        },
        "2": {
          "hit_at_1": 0.804320987654321,
          "best_params": {
            "alpha": 2.0,
            "beta": 20.0,
            "shot_alpha": 0.1
          }
        },
        "4": {
          "hit_at_1": 0.6067901234567902,
          "best_params": {
            "alpha": 4.0,
            "beta": 20.0,
            "shot_alpha": 0.1
          }
        },
        "8": {
          "hit_at_1": 0.6524691358024691,
          "best_params": {
            "alpha": 2.0,
            "beta": 20.0,
            "shot_alpha": 0.1
          }
        },
        "16": {
          "hit_at_1": 0.5796296296296296,
          "best_params": {
            "alpha": 4.0,
            "beta": 1.0,
            "shot_alpha": 0.1
          }
        }
      }
    },
    "dfn": {
      "k_shot_results": {
        "1": {
          "hit_at_1": 0.5481481481481482,
          "best_params": {
            "alpha": 0.5,
            "beta": 1.0,
            "shot_alpha": 0.1
          }
        },
        "2": {
          "hit_at_1": 0.6290123456790123,
          "best_params": {
            "alpha": 1.0,
            "beta": 20.0,
            "shot_alpha": 0.1
          }
        },
        "4": {
          "hit_at_1": 0.5024691358024691,
          "best_params": {
            "alpha": 1.0,
            "beta": 20.0,
            "shot_alpha": 0.1
          }
        },
        "8": {
          "hit_at_1": 0.5895061728395061,
          "best_params": {
            "alpha": 0.5,
            "beta": 20.0,
            "shot_alpha": 0.1
          }
        },
        "16": {
          "hit_at_1": 0.5691358024691358,
          "best_params": {
            "alpha": 4.0,
            "beta": 1.0,
            "shot_alpha": 0.1
          }
        }
      }
    }
  },
  "handrise_readwrite": {
    "openai": {
      "k_shot_results": {
        "1": {
          "hit_at_1": 0.6196172248803827,
          "best_params": {
            "alpha": 0.5,
            "beta": 1.0,
            "shot_alpha": 0.1
          }
        },
        "2": {
          "hit_at_1": 0.8277511961722488,
          "best_params": {
            "alpha": 0.5,
            "beta": 20.0,
            "shot_alpha": 0.1
          }
        },
        "4": {
          "hit_at_1": 0.7368421052631579,
          "best_params": {
            "alpha": 0.5,
            "beta": 1.0,
            "shot_alpha": 0.1
          }
        },
        "8": {
          "hit_at_1": 0.7105263157894737,
          "best_params": {
            "alpha": 1.0,
            "beta": 20.0,
            "shot_alpha": 0.1
          }
        },
        "16": {
          "hit_at_1": 0.8720095693779905,
          "best_params": {
            "alpha": 2.0,
            "beta": 5.5,
            "shot_alpha": 0.1
          }
        }
      }
    },
    "siglip2": {
      "k_shot_results": {
        "1": {
          "hit_at_1": 0.4533492822966507,
          "best_params": {
            "alpha": 2.0,
            "beta": 1.0,
            "shot_alpha": 0.1
          }
        },
        "2": {
          "hit_at_1": 0.7703349282296651,
          "best_params": {
            "alpha": 1.0,
            "beta": 10.0,
            "shot_alpha": 0.1
          }
        },
        "4": {
          "hit_at_1": 0.6028708133971292,
          "best_params": {
            "alpha": 1.0,
            "beta": 20.0,
            "shot_alpha": 0.1
          }
        },
        "8": {
          "hit_at_1": 0.5550239234449761,
          "best_params": {
            "alpha": 0.5,
            "beta": 5.5,
            "shot_alpha": 0.1
          }
        },
        "16": {
          "hit_at_1": 0.8074162679425837,
          "best_params": {
            "alpha": 1.0,
            "beta": 5.5,
            "shot_alpha": 0.1
          }
        }
      }
    },
    "dfn": {
      "k_shot_results": {
        "1": {
          "hit_at_1": 0.6004784688995215,
          "best_params": {
            "alpha": 1.0,
            "beta": 1.0,
            "shot_alpha": 0.1
          }
        },
        "2": {
          "hit_at_1": 0.8265550239234449,
          "best_params": {
            "alpha": 0.5,
            "beta": 5.5,
            "shot_alpha": 0.1
          }
        },
        "4": {
          "hit_at_1": 0.5370813397129187,
          "best_params": {
            "alpha": 4.0,
            "beta": 1.0,
            "shot_alpha": 0.1
          }
        },
        "8": {
          "hit_at_1": 0.7655502392344498,
          "best_params": {
            "alpha": 2.0,
            "beta": 20.0,
            "shot_alpha": 0.1
          }
        },
        "16": {
          "hit_at_1": 0.8169856459330144,
          "best_params": {
            "alpha": 2.0,
            "beta": 20.0,
            "shot_alpha": 0.1
          }
        }
      }
    }
  },
  "bow_turnhead": {
    "openai": {
      "k_shot_results": {
        "1": {
          "hit_at_1": 0.6679841897233202,
          "best_params": {
            "alpha": 2.0,
            "beta": 1.0,
            "shot_alpha": 0.1
          }
        },
        "2": {
          "hit_at_1": 0.616600790513834,
          "best_params": {
            "alpha": 4.0,
            "beta": 20.0,
            "shot_alpha": 0.1
          }
        },
        "4": {
          "hit_at_1": 0.6284584980237155,
          "best_params": {
            "alpha": 1.0,
            "beta": 1.0,
            "shot_alpha": 0.1
          }
        },
        "8": {
          "hit_at_1": 0.6877470355731226,
          "best_params": {
            "alpha": 2.0,
            "beta": 5.5,
            "shot_alpha": 0.1
          }
        },
        "16": {
          "hit_at_1": 0.6126482213438735,
          "best_params": {
            "alpha": 2.0,
            "beta": 1.0,
            "shot_alpha": 0.1
          }
        }
      }
    },
    "siglip2": {
      "k_shot_results": {
        "1": {
          "hit_at_1": 0.6482213438735178,
          "best_params": {
            "alpha": 0.5,
            "beta": 1.0,
            "shot_alpha": 0.1
          }
        },
        "2": {
          "hit_at_1": 0.5612648221343873,
          "best_params": {
            "alpha": 1.0,
            "beta": 1.0,
            "shot_alpha": 0.1
          }
        },
        "4": {
          "hit_at_1": 0.6245059288537549,
          "best_params": {
            "alpha": 0.5,
            "beta": 20.0,
            "shot_alpha": 0.1
          }
        },
        "8": {
          "hit_at_1": 0.616600790513834,
          "best_params": {
            "alpha": 0.5,
            "beta": 20.0,
            "shot_alpha": 0.1
          }
        },
        "16": {
          "hit_at_1": 0.6205533596837944,
          "best_params": {
            "alpha": 0.5,