{
  "gemma4_ollama": {
    "teacher_behavior": 0.644753086419753,
    "handrise_readwrite": 0.5170556552962298,
    "bow_turnhead": 0.36633663366336633
  }
}