{
  "openai": {
    "threshold": 0.7,
    "sample_f1": 0.3707973279401851,
    "macro_f1": 0.11945564516129031
  },
  "eva02": {
    "threshold": 0.7,
    "sample_f1": 0.3707973279401851,
    "macro_f1": 0.11945564516129031
  }
}