{
  "teacher_behavior": {
    "eva02": {
      "label_only": {
        "hit_at_1": 0.7743827160493827,
        "hit_at_3": 0.9790123456790123,
        "macro_f1": 0.14383712757706218
      },
      "simple": {
        "hit_at_1": 0.7808641975308642,
        "hit_at_3": 0.9790123456790123,
        "macro_f1": 0.10239612157629574
      },
      "action": {
        "hit_at_1": 0.7885802469135802,
        "hit_at_3": 0.9824074074074074,
        "macro_f1": 0.0794485868877636
      },
      "detailed": {
        "hit_at_1": 0.737037037037037,
        "hit_at_3": 0.9765432098765432,
        "macro_f1": 0.09850277318087935
      },
      "cape": {
        "hit_at_1": 0.6435185185185185,
        "hit_at_3": 0.9669753086419753,
        "macro_f1": 0.14430904561614266
      }
    }
  },
  "handrise_readwrite": {
    "eva02": {
      "label_only": {
        "hit_at_1": 0.822262118491921,
        "hit_at_3": 1.0,
        "macro_f1": 0.6191388860862115
      },
      "simple": {
        "hit_at_1": 0.8102932375822861,
        "hit_at_3": 1.0,
        "macro_f1": 0.5813969362724286
      },
      "action": {
        "hit_at_1": 0.6050269299820467,
        "hit_at_3": 1.0,
        "macro_f1": 0.415049871800572
      },
      "detailed": {
        "hit_at_1": 0.6050269299820467,
        "hit_at_3": 1.0,
        "macro_f1": 0.4429057232592934
      },
      "cape": {
        "hit_at_1": 0.6062238180730102,
        "hit_at_3": 1.0,
        "macro_f1": 0.43682219339192696
      }
    }
  },
  "bow_turnhead": {
    "eva02": {
      "label_only": {
        "hit_at_1": 0.6336633663366337,
        "hit_at_3": 1.0,
        "macro_f1": 0.3878787878787879
      },
      "simple": {
        "hit_at_1": 0.6336633663366337,
        "hit_at_3": 1.0,
        "macro_f1": 0.3878787878787879
      },
      "action": {
        "hit_at_1": 0.6455445544554456,
        "hit_at_3": 1.0,
        "macro_f1": 0.4267223064288025
      },
      "detailed": {
        "hit_at_1": 0.6495049504950495,
        "hit_at_3": 1.0,
        "macro_f1": 0.43756488909863145
      },
      "cape": {
        "hit_at_1": 0.6534653465346535,
        "hit_at_3": 1.0,
        "macro_f1": 0.4794151778088018
      }
    }
  }
}