{
  "teacher_behavior": {
    "eva02": {
      "cape": {
        "hit_at_1": 0.6435185185185185,
        "hit_at_3": 0.9669753086419753,
        "macro_f1": 0.14430904561614266
      }
    }
  },
  "handrise_readwrite": {
    "eva02": {
      "cape": {
        "hit_at_1": 0.6062238180730102,
        "hit_at_3": 1.0,
        "macro_f1": 0.43682219339192696
      }
    }
  },
  "bow_turnhead": {
    "eva02": {
      "cape": {
        "hit_at_1": 0.6534653465346535,
        "hit_at_3": 1.0,
        "macro_f1": 0.4794151778088018
      }
    }
  }
}